{
  "overall": {
    "f1": 0.4911184021634403,
    "recall": 0.49204665959703076,
    "precision": 0.4432500330798606,
    "HR": 0.26666666666666666,
    "NDCG": 0.17221649583944856
  }
}